{
    "name"              : "Netflix",
    "plugin"            : "plugin.video.netflix",
    "priority"          : 500,
    "assert"            : {
                            "play_movie":       ["title", "year"],
                            "play_episode":     ["showname", "season", "episode"],
                            "search_movie":     ["title"],
                            "search_episode":   ["showname"]
                          },
    "play_movie"        : [
                            "plugin://plugin.video.netflix/directory/search/search/add/",
                            {"keyboard": "Select"},
                            {"keyboard": "{title}"},
                            {"title": "{title}", "year": "{year}"}
                          ],
    "play_episode"      : [
                            "plugin://plugin.video.netflix/directory/search/search/add/",
                            {"keyboard": "Select"},
                            {"keyboard": "{showname}"},
                            {"title": "{showname}"},
                            {"season": "{season}"},
                            {"season": "{season}", "episode": "{episode}"}
                          ],
    "search_movie"      : [
                            "plugin://plugin.video.netflix/directory/search/search/add/",
                            {"keyboard": "Select"},
                            {"keyboard": "{title}"}
                          ],
    "search_episode"    : [
                            "plugin://plugin.video.netflix/directory/search/search/add/",
                            {"keyboard": "Select"},
                            {"keyboard": "{showname}"}
                          ]
}