<?xml version="1.0" encoding="UTF-8" standalone="yes"?>
<addon id="script.trakt-lite" name="Trakt Lite" version="0.0.1" provider-name="Trakt.tv, Beam">
	<requires>
        <import addon="xbmc.python" version="2.26.0"/>
        <import addon="script.module.trakt" version="4.1.0"/>
        <import addon="script.module.dateutil" version="2.4.2"/>
	</requires>
	<extension point="xbmc.python.script" library="defaultscript.py">
		<provides>executable</provides>
	</extension>
	<extension point="xbmc.service" name="trakt.service" library="default.py" />
	<extension point="xbmc.addon.metadata" name="trakt.metadata">
		<summary lang="en_GB">TV and movie scrobbler for Trakt.tv</summary>
		<description lang="en_GB">Automatically scrobble all TV episodes and movies you are watching to Trakt.tv! Keep a comprehensive history of everything you've watched and be part of a global community of TV and movie enthusiasts. Sign up for a free account at http://trakt.tv and get a ton of features:&#10;&#10;- Automatically scrobble what you're watching&#10;- Mobile apps for iPhone, iPad, Android, and Windows Phone&#10;- Share what you're watching (in real time) and rating to facebook and twitter&#10;- Personalized calendar so you never miss a TV show&#10;- Follow your friends and people you're interesed in&#10;- Use watchlists so you don't forget to what to watch&#10;- Track your media collections and impress your friends&#10;- Create custom lists around any topics you choose&#10;- Easily track your TV show progress across all seasons and episodes&#10;- Track your progress against industry lists such as the IMDb Top 250&#10;- Discover new shows and movies based on your viewing habits&#10;- Widgets for your forum signature&#10;&#10;What can this addon do?&#10;&#10;- Automatically scrobble all TV episodes and movies you are watching&#10;- Sync your TV episode and movie collections to Trakt (triggered after a library update)&#10;- Auto clean your Trakt collection so that it matches up with Kodi&#10;- Keep watched statuses synced between Kodi and Trakt&#10;- Rate movies and episode after watching them&#10;&#10;Special thanks to all who contributed to this plugin! Check the commit history and changelog to see these talented developers.</description>
		<language></language>
		<platform>all</platform>
		<license>GNU GENERAL PUBLIC LICENSE. Version 2, June 1991</license>
		<website>https://trakt.tv</website>
		<email></email>
		<source>https://github.com/trakt/script.trakt</source>
    <assets>
        <icon>icon.png</icon>
        <fanart>fanart.jpg</fanart>
    </assets>
	</extension>
</addon>
