<?xml version="1.0" encoding="UTF-8" standalone="yes"?>
<addon id="service.subtitles.edna.cz" name="Edna.cz" version="2.0.2" provider-name="Beam">
	<requires>
		<import addon="xbmc.python" version="3.0.0" />
		<import addon="script.module.simplejson" version="3.17.0" />
	</requires>
	<extension point="xbmc.subtitle.module" library="service.py" />
	<extension point="xbmc.addon.metadata">
		<summary>Edna.cz</summary>
		<description lang="en_GB">Search and download subtitles from edna.cz (Czech/Slovak only)</description>
		<description lang="cs_CZ">Vyhledavani a stahovani titulku z edna.cz</description>
		<description lang="sk_SK">Vyhladavanie a stahovanie titulkov z edna.cz</description>
		<source>https://github.com/beam-kodi-addons-repository/service.subtitles.edna.cz</source>
		<email>ondra@bimovi.cz</email>
	</extension>
</addon>