<?xml version="1.0" encoding="UTF-8" standalone="yes"?>
<addon id="service.subtitles.edna.cz" name="Edna.cz" version="1.4.0" provider-name="Beam">
	<requires>
		<import addon="xbmc.python" version="2.14.0"/>
		<import addon="script.module.simplejson" version="2.0.10" />
	</requires>
	<extension point="xbmc.subtitle.module" library="service.py" />
	<extension point="xbmc.addon.metadata">
		<summary>Edna.cz</summary>
		<description lang="en">Search and download subtitles from edna.cz (Czech/Slovak only)</description>
		<description lang="cs">Vyhledavani a stahovani titulku z edna.cz</description>
		<description lang="sk">Vyhladavanie a stahovanie titulkov z edna.cz</description>
		<source>https://github.com/beam/service.subtitles.edna.cz</source>
		<email>ondra@bimovi.cz</email>
	</extension>
</addon>
