<?xml version="1.0" encoding="UTF-8" standalone="yes"?>
<addon id="plugin.video.dmd-czech.aktualne" name="Aktuálně TV" version="2.0.6a" provider-name="Petr Čermák, Štěpán Ort">
  <requires>
    <import addon="xbmc.python" version="2.1.0"/>
    <import addon="script.module.requests" version="2.0.0" />
    <import addon="script.module.beautifulsoup4" version="4.3.2"/> 
  </requires>
  <extension point="xbmc.python.pluginsource" library="addon.py">
    <provides>video</provides>
  </extension>
  <extension point="xbmc.addon.metadata">
    <summary>Aktuálně TV</summary>
	<description>Plugin to play videos from Aktualne.cz</description>
    <description lang="cs">Aktuálně.TV - videa z domova i ze světa.</description>
    <platform>all</platform>
  </extension>
</addon>
