<?xml version="1.0" encoding="UTF-8"?>
<window>
	<defaultcontrol always="true">3</defaultcontrol>
	<include>OpenClose</include>
	<controls>
		<control type="group">
			<include condition="Window.IsActive(home)">DimBG</include>
			<control type="image" description="BG">
				<include>Panel_Size</include>
				<texture>dialogs/AddonSettingsBG.png</texture>
				<colordiffuse>$VAR[DialogBGColor]</colordiffuse>
			</control>
			<control type="grouplist" id="3" description="Left side">
				<posx>64</posx>
				<posy>180</posy>
				<width>387</width>
				<height>720</height>
				<onleft>9001</onleft>
				<onright>5</onright>
				<onup>20</onup>
				<ondown>20</ondown>
			</control>
			<control type="button" id="10" description="Section buttons">
				<width>324</width>
				<align>right</align>
				<texturenofocus border="3">buttons/ButtonNF.png</texturenofocus>
				<textoffsetx>10</textoffsetx>
			</control>
			<control type="label" id="2" description="Header">
				<posy>90</posy>
				<width>1920</width>
				<textcolor>$VAR[HighlightColor]</textcolor>
				<align>center</align>
			</control>
			<control type="grouplist" id="5" description="Controls for settings">
				<posx>389</posx>
				<posy>180</posy>
				<width>1144</width>
				<height>780</height>
				<pagecontrol>60</pagecontrol>
				<onup>9001</onup>
				<ondown>5</ondown>
				<onleft>3</onleft>
				<onright>9001</onright>
			</control>
			<control type="button" id="7">
				<textoffsetx>20</textoffsetx>
				<texturenofocus border="3">buttons/ButtonNF.png</texturenofocus>
                <font>ListDetails</font>
			</control>
			<control type="radiobutton" id="8">
				<textoffsetx>20</textoffsetx>
                <font>ListDetails</font>
			</control>
			<control type="spincontrolex" id="9">
				<textoffsetx>20</textoffsetx>
				<reverse>true</reverse>
                <font>ListDetails</font>
			</control>
			<control type="image" id="11" description="Default Separator img">
				<height>1</height>
			</control>
			<control type="edit" id="12" description="Default Edit">
               <font>ListDetails</font>
			</control>	  
			<control type="label" id="14" description="Sparator label headline">
				<textoffsetx>30</textoffsetx>
                <font>ListDetails</font>
			</control>
			<control type="sliderex" id="13">
				<align>left</align>
				<textoffsetx>30</textoffsetx>
                <font>ListDetails</font>
			</control>
			<control type="grouplist" id="9001" description="Right side">
				<posx>1533</posx>
				<posy>180</posy>
				<width>387</width>
				<height>780</height>
				<onup>9001</onup>
				<ondown>9001</ondown>
				<onleft>5</onleft>
				<onright>3</onright>
				<orientation>vertical</orientation>
				<control type="button" id="28" description="OK">
					<label>$LOCALIZE[186]</label>
					<width>324</width>
					<textoffsetx>10</textoffsetx>
					<texturenofocus border="3">buttons/ButtonNF.png</texturenofocus>
				</control>
				<control type="button" id="29" description="cancel">
					<label>$LOCALIZE[222]</label>
					<width>324</width>
					<textoffsetx>10</textoffsetx>
					<texturenofocus border="3">buttons/ButtonNF.png</texturenofocus>
				</control>
				<control type="button" id="30" description="defaults">
					<label>$LOCALIZE[409]</label>
					<width>324</width>
					<textoffsetx>10</textoffsetx>
					<texturenofocus border="3">buttons/ButtonNF.png</texturenofocus>
				</control>
			</control>
		</control>
	</controls>
</window>