<?xml version="1.0" encoding="UTF-8" standalone="yes"?>
<addon id="repository.beam.xbmc-addons" name="Beam Kodi Add-ons" version="1.0.3" provider-name="Beam">
	<extension point="xbmc.addon.repository" name="Beam Kodi Add-ons Repository">
		<info compressed="false">https://xbmc-repo.bimovi.cz/addons.xml</info>
		<checksum>https://xbmc-repo.bimovi.cz/addons.xml.md5</checksum>
		<datadir zip="true">https://xbmc-repo.bimovi.cz/packages/</datadir>
	</extension>
	<extension point="xbmc.addon.metadata">
		<summary>Beam Kodi Add-ons Repository</summary>
		<description>Add-ons created by Andrew Beam</description>
		<platform>all</platform>
		<source>https://github.com/beam/repository.beam.xbmc-addons</source>
		<email>ondra@bimovi.cz</email>
	</extension>
</addon>
