<?xml version="1.0" encoding="UTF-8" standalone="yes"?>
<addon id="script.tvpower.screensaver.control" name="TV power controller" version="2.1.1" provider-name="Beam">
	<requires>
		<import addon="xbmc.python" version="3.0.0"/>
	</requires>
	<extension point="xbmc.python.script" library="program.py" />
	<extension point="xbmc.service" library="service.py" start="login"/>
	<extension point="xbmc.addon.metadata">
		<summary lang="en">Turn off/on TV with screensaver</summary>
		<description lang="en">Turn off/on TV with screensaver</description>
		<source>https://github.com/beam-kodi-addons-repository/script.tvpower.screensaver.control</source>
		<email>ondra@bimovi.cz</email>
	</extension>
</addon>
