<?xml version="1.0" encoding="UTF-8"?>
<window>
	<defaultcontrol always="true">450</defaultcontrol>
	<controls>
		<include>DefaultBackground</include>
		<include content="BackgroundOverlay">
			<param name="parentid" value="450"/>
		</include>
		<include>Time</include>
		<control type="group" description="Grid view">
			<include>OpenClose</include>
			<control type="panel" id="450" description="Grid">
				<posx>30</posx>
				<posy>60</posy>
				<width>1860</width>
				<height>1000</height>
				<orientation>vertical</orientation>
				<onleft>450</onleft>
				<onright>450</onright>
				<onup>450</onup>
				<ondown>450</ondown>
				<preloaditems>12</preloaditems>
				<pagecontrol>60</pagecontrol>
				<scrolltime>400</scrolltime>
				<itemlayout height="405" width="310">
					<include content="GenericFavouriteIconBig">
						<param name="isFocused">false</param>
					</include>
				</itemlayout>
				<focusedlayout height="405" width="310">
					<include content="GenericFavouriteIconBig">
						<param name="isFocused">true</param>
					</include>
				</focusedlayout>
			</control>
			<control type="scrollbar" id="60">
				<animation effect="slide" start="0,0" end="-8,0" time="150">Focus</animation>
				<animation effect="slide" start="-8,0" end="0,0" time="300">UnFocus</animation>
				<posx>20r</posx>
				<posy>360</posy>
				<width>36</width>
				<height>700</height>
				<texturesliderbackground></texturesliderbackground>
				<texturesliderbar></texturesliderbar>
				<texturesliderbarfocus></texturesliderbarfocus>
				<textureslidernib border="18">OSD/ScrollbarNibNF.png</textureslidernib>
				<textureslidernibfocus border="18" colordiffuse="$VAR[HighlightColor]">OSD/ScrollbarNibFO.png</textureslidernibfocus>
				<showonepage>false</showonepage>
				<orientation>vertical</orientation>
				<onleft>53</onleft>
				<onright>9000</onright>
			</control>
		</control>
	</controls>
</window>