<?xml version="1.0" encoding="UTF-8"?>
<window>
	<defaultcontrol always="true">9000</defaultcontrol>
	<animation effect="fade" time="200">WindowOpen</animation>
	<animation effect="fade" time="150">WindowClose</animation>
	<controls>
		<control type="image">
			<width>1920</width>
			<height>1080</height>
			<texture>img/BlackDot.png</texture>
			<aspectratio>scale</aspectratio>
		</control>
		<control type="image">
			<width>1920</width>
			<height>1080</height>
			<texture background="true">$VAR[AddonInfoBackground]</texture>
			<aspectratio>scale</aspectratio>
		</control>
		<include content="BackgroundOverlay">
			<param name="parentid" value="9000"/>
		</include>
		<include content="ShadowedImage">
			<param name="top">24</param>
			<param name="left">24</param>
			<param name="width">619</param>
			<param name="height">960</param>
			<param name="shadowoffset">16</param>
			<param name="texture">$INFO[ListItem.Icon]</param>
		</include>
		<control type="group" description="Media Info">
			<control type="group" description="top">
				<posx>700</posx>
				<posy>60</posy>
				<control type="label" description="Main Label">
					<posy>-45</posy>
					<width>1180</width>
					<height>60</height>
					<font>InfoTitle</font>
					<textcolor>$VAR[HighlightColor]</textcolor>
					<align>left</align>
					<label>$INFO[ListItem.AddonName,$LOCALIZE[24003] - ]</label>
				</control>
				<control type="image" description="Line Split">
					<posy>23</posy>
					<width>1180</width>
					<height>1</height>
					<texture>img/LineL.png</texture>
					<aspectratio>stretch</aspectratio>
				</control>
				<control type="textbox" description="Plot">
					<visible>String.IsEmpty(ListItem.AddonBroken)</visible>
					<include>VisibleFadeEffectDelay</include>
					<posy>35</posy>
					<width>625</width>
					<height>400</height>
					<align>justify</align>
					<font>InfoPlot</font>
					<label fallback="19055">$INFO[ListItem.AddonSummary,[B],[/B][CR][CR]]$INFO[ListItem.AddonDescription]</label>
				</control>
				<control type="textbox" description="Plot">
					<visible>!String.IsEmpty(ListItem.AddonBroken)</visible>
					<include>VisibleFadeEffectDelay</include>
					<posy>35</posy>
					<width>610</width>
					<height>365</height>
					<align>justify</align>
					<font>InfoPlot</font>
					<label fallback="19055">$INFO[ListItem.AddonSummary,[B],[/B][CR][CR]]$INFO[ListItem.AddonDescription]</label>
				</control>
				<control type="label" description="Main Label">
					<visible>!String.IsEmpty(ListItem.AddonBroken)</visible>
					<posy>410</posy>
					<width>1180</width>
					<height>45</height>
					<font>InfoPlot</font>
					<textcolor>$VAR[HighlightColor]</textcolor>
					<align>left</align>
					<label>[B]$LOCALIZE[24096][/B]</label>
				</control>
				<control type="radiobutton" id="90003">
					<posy>438</posy>
                    <left>590</left>
					<ondown>9000</ondown>
					<onright>9009</onright>
                    <align>center</align>
                    <aligny>center</aligny>
                    <textureradioonfocus colordiffuse="$VAR[FocusedTextColor]">icons/dots7.png</textureradioonfocus>
                    <textureradioonnofocus>icons/dots7.png</textureradioonnofocus>
                    <texturefocus border="4" colordiffuse="$VAR[HighlightColor]">img/WhiteRoundedST2.png</texturefocus>
                    <texturenofocus border="4">img/WhiteRoundedT.png</texturenofocus>
                    <width>37</width>
                    <height>17</height>
                    <radiowidth>37</radiowidth>
                    <radioheight>37</radioheight>
                    <radioposx>0.1</radioposx>
                    <radioposy>0</radioposy>
                    <font></font>
                    <selected>true</selected>
					<onclick>SetProperty(TextViewerHeader,$ESCINFO[ListItem.AddonName],Home)</onclick>
                    <onclick>SetProperty(TextViewerSubHeader,$ESCINFO[ListItem.AddonSummary,[I],[/I]],Home)</onclick>
					<onclick>SetProperty(TextViewerContent,$ESCINFO[ListItem.AddonDescription],Home)</onclick>
					<onclick>ActivateWindow(1124)</onclick>
				</control> 
				<control type="image" description="Line Split">
					<posy>30</posy>
                    <left>637</left>
					<width>1</width>
					<height>426</height>
					<texture>img/LineL.png</texture>
					<aspectratio>stretch</aspectratio>
				</control>                
				<control type="panel" id="9009">
					<include>VisibleFadeEffectDelay</include>
					<include>List_9009_Commons</include>
                    <onup>9009</onup>
                    <ondown>9009</ondown>
                    <onleft>90003</onleft>                    
					<content>
						<item>
							<label>$LOCALIZE[146]</label>
							<label2>$INFO[ListItem.AddonType]</label2>
							<onclick>noop</onclick>
							<visible>!String.IsEmpty(ListItem.AddonType)</visible>
						</item>
						<item>
							<label>$LOCALIZE[21863]:</label>
							<label2>$INFO[ListItem.AddonCreator]</label2>
							<onclick>noop</onclick>
							<visible>!String.IsEmpty(ListItem.AddonCreator)</visible>
						</item>
						<item>
							<label>$LOCALIZE[24051]</label>
							<label2>$INFO[ListItem.AddonVersion]</label2>
							<onclick>noop</onclick>
							<visible>!String.IsEmpty(ListItem.AddonVersion)</visible>
						</item>
						<item>
							<label>$LOCALIZE[22031]:</label>
							<label2>$INFO[ListItem.AddonSize]</label2>
							<onclick>noop</onclick>
							<visible>!String.IsEmpty(ListItem.AddonSize)</visible>
						</item>
						<item>
							<label>$LOCALIZE[31041]:</label>
							<label2>$INFO[ListItem.AddonOrigin]</label2>
							<onclick>noop</onclick>
							<visible>!String.IsEmpty(ListItem.AddonOrigin)</visible>
						</item>
						<item>
							<label>$LOCALIZE[12013]:</label>
							<label2>$INFO[ListItem.AddonInstallDate]</label2>
							<onclick>noop</onclick>
							<visible>!String.IsEmpty(ListItem.AddonInstallDate)</visible>
						</item>
						<item>
							<label>$LOCALIZE[12014]:</label>
							<label2>$INFO[ListItem.AddonLastUpdated]</label2>
							<onclick>noop</onclick>
							<visible>!String.IsEmpty(ListItem.AddonLastUpdated)</visible>
						</item>
						<item>
							<label>$LOCALIZE[12012]:</label>
							<label2>$INFO[ListItem.AddonLastUsed]</label2>
							<onclick>noop</onclick>
							<visible>!String.IsEmpty(ListItem.AddonLastUsed)</visible>
						</item>
					</content>
				</control>
			</control>
		</control>
		<control type="grouplist" id="9000">
			<left>700</left>
			<posy>530</posy>
			<width>1180</width>
			<height>90</height>
			<align>center</align>
			<onup>90003</onup>
			<ondown>50</ondown>
			<orientation>horizontal</orientation>
			<itemgap>16</itemgap>
			<control type="button" id="12" description="launch">
				<height>90</height>
				<width min="220">auto</width>
				<font>Details</font>
				<align>center</align>
				<label>$LOCALIZE[518]</label>
			</control>
			<control type="button" id="9" description="configure">
				<height>90</height>
				<width min="220">auto</width>
				<ondown>50</ondown>
				<align>center</align>
				<font>Details</font>
				<label>$LOCALIZE[24020]</label>
			</control>
			<control type="button" id="8" description="update">
				<height>90</height>
				<width min="220">auto</width>
				<ondown>50</ondown>
				<align>center</align>
				<font>Details</font>
				<label>$LOCALIZE[24069]</label>
			</control>
			<control type="radiobutton" id="13" description="Auto-update button">
				<height>90</height>
				<width>220</width>
				<align>center</align>
				<aligny>top</aligny>
				<font>Details</font>
				<radioposx>100</radioposx>
				<radioposy>35</radioposy>
				<radiowidth>100</radiowidth>
				<texturenofocus border="4">img/WhiteRoundedT.png</texturenofocus>
				<visible>Control.IsEnabled(13)</visible>
			</control>
			<control type="button" id="7" description="enable">
				<height>90</height>
				<width min="220">auto</width>
				<ondown>50</ondown>
				<align>center</align>
				<font>Details</font>
			</control>
			<control type="button" id="6" description="install">
				<height>90</height>
				<width min="220">auto</width>
				<ondown>50</ondown>
				<align>center</align>
				<font>Details</font>
			</control>
			<control type="button" id="600" description="News">
				<height>90</height>
				<width min="220">auto</width>
				<ondown>50</ondown>
				<align>center</align>
				<font>Details</font>
				<label>$LOCALIZE[29916]</label>
				<enable>!String.IsEmpty(ListItem.AddonNews)</enable>
				<onclick>SetProperty(TextViewerHeader,$ESCINFO[ListItem.AddonName],Home)</onclick>
				<onclick condition="!String.IsEmpty(ListItem.AddonNews)">SetProperty(TextViewerContent,$ESCINFO[ListItem.AddonNews],Home)</onclick>
				<onclick>ActivateWindow(1124)</onclick>                
			</control>
		</control>
		<control type="panel" id="50">
			<visible>!Control(9000).HasFocus(600)</visible>
			<include>VisibleFadeEffectDelay</include>
			<posx>700</posx>
			<posy>670</posy>
			<width>1180</width>
			<height>410</height>
			<onleft>50</onleft>
			<onright>50</onright>
			<onup>9000</onup>
			<ondown>9000</ondown>
			<scrolltime>200</scrolltime>
			<orientation>horizontal</orientation>
			<include content="ScreenshotLayout">
				<param name="viewid">50</param>
			</include>
		</control>
		<control type="textbox" description="News">
			<visible>Control(9000).HasFocus(600)</visible>
			<include>VisibleFadeEffectDelay</include>
			<posx>700</posx>
			<posy>670</posy>
			<width>1180</width>
			<height>410</height>
			<align>left</align>
			<font>InfoPlot</font>
			<label>$ESCINFO[ListItem.AddonNews]</label>
		</control>
	</controls>
</window>