<?xml version="1.0" encoding="UTF-8"?>
<includes>
	<include name="DialogSelectStandard">
	    <include>DimBG</include>
		<control type="group">
			<posx>172</posx>
			<posy>180</posy>
			<control type="image">
				<posx>6</posx>
				<posy>-20</posy>
				<width>1580</width>
				<height>780</height>
				<texture flipx="true">dialogs/SettingsBG.png</texture>
				<colordiffuse>$VAR[DialogBGColor]</colordiffuse>
				<visible>!Control.IsVisible(3)</visible>
			</control>
			<control type="image">
				<posx>-14</posx>
				<posy>-20</posy>
				<width>1293</width>
				<height>720</height>
				<texture flipx="true" border="55">dialogs/DialogRightSmall.png</texture>
				<colordiffuse>$VAR[DialogBGColor]</colordiffuse>
				<visible>Control.IsVisible(3)</visible>
			</control>
			<control type="label" id="1" description="Header">
				<posx>-14</posx>
				<posy>5</posy>
				<width>1600</width>
				<height>30</height>
				<align>center</align>
				<aligny>center</aligny>
				<font>ListDetails</font>
				<textcolor>$VAR[HighlightColor]</textcolor>
				<label></label>
				<visible>!Control.IsVisible(3)</visible>
			</control>
			<control type="label" id="1" description="Header">
				<posx>300</posx>
				<width>900</width>
				<height>30</height>
				<align>center</align>
				<font>ListDetails</font>
				<textcolor>$VAR[HighlightColor]</textcolor>
				<label></label>
				<visible>!Control.IsVisible(6)</visible>
			</control>
			<control type="group">
				<left>50</left>
				<top>60</top>
				<visible>Control.IsVisible(6)</visible>
				<include content="ShadowedImage">
					<param name="top">0</param>
					<param name="left">0</param>
					<param name="width">500</param>
					<param name="height">500</param>
					<param name="shadowoffset">8</param>
					<param name="texture">$INFO[Container(6).ListItem.Icon]</param>
				</include>
			</control>
			<control type="group">
				<left>50</left>
				<top>60</top>
				<visible>Control.IsVisible(6) + !String.IsEmpty(Window(Home).Property(SkinViewtypes.DialogIsActive))</visible>
				<include content="ShadowedImage">
					<param name="top">0</param>
					<param name="left">0</param>
					<param name="width">600</param>
					<param name="height">600</param>
					<param name="shadowoffset">8</param>
					<param name="texture">$INFO[Container(6).ListItem.Icon]</param>
				</include>
			</control>
			<control type="group" description="Group 6 Thumbs">
				<visible>Control.IsVisible(6)</visible>
				<control type="list" id="6">
					<posx>576</posx>
					<posy>60</posy>
					<width>708</width>
					<height>600</height>
					<orientation>vertical</orientation>
					<onleft>60</onleft>
					<onright>90</onright>
					<onup>6</onup>
					<ondown>6</ondown>
					<pagecontrol>60</pagecontrol>
					<scrolltime>0</scrolltime>
					<itemlayout width="708" height="120">
						<control type="image">
							<width>708</width>
							<height>120</height>
							<texture border="3">list/ListNF.png</texture>
						</control>
						<include content="ShadowedImage">
							<param name="top">8</param>
							<param name="left">16</param>
							<param name="width">100</param>
							<param name="height">100</param>
							<param name="shadowoffset">4</param>
							<param name="texture">$INFO[ListItem.Icon]</param>
						</include>
						<control type="label">
							<posx>132</posx>
							<posy>5</posy>
							<width>680</width>
							<height>60</height>
							<label>$INFO[ListItem.Label]</label>
							<selectedcolor>$VAR[HighlightColor]</selectedcolor>
						</control>
						<control type="label">
							<left>132</left>
							<posy>55</posy>
							<width>680</width>
							<height>60</height>
							<align>left</align>
							<textcolor>Grey</textcolor>
							<selectedcolor>$VAR[HighlightColor]</selectedcolor>
							<font>ListDetails</font>
							<scroll>false</scroll>
							<label>$INFO[ListItem.Label2]</label>
						</control>
					</itemlayout>
					<focusedlayout width="708" height="120">
						<control type="image">
							<width>708</width>
							<height>120</height>
							<texture border="3">list/ListNF.png</texture>
						</control>
						<control type="image">
							<visible>Control.HasFocus(6)</visible>
							<include>VisibleFadeEffect</include>
							<width>708</width>
							<height>120</height>
							<texture border="4" colordiffuse="$VAR[HighlightColor]">img/WhiteRoundedST2.png</texture>
						</control>
						<include content="ShadowedImage">
							<param name="top">8</param>
							<param name="left">16</param>
							<param name="width">100</param>
							<param name="height">100</param>
							<param name="shadowoffset">4</param>
							<param name="texture">$INFO[ListItem.Icon]</param>
						</include>
						<control type="label">
							<visible>Control.HasFocus(6)</visible>
							<posx>132</posx>
							<posy>5</posy>
							<width>678</width>
							<height>60</height>
							<textcolor>$VAR[FocusedTextColor]</textcolor>
                            <selectedcolor>SelectedFocused</selectedcolor>
							<shadowcolor>HeavyShadow</shadowcolor>
							<label>$INFO[ListItem.Label]</label>
						</control>
						<control type="label">
							<visible>!Control.HasFocus(6)</visible>
							<posx>132</posx>
							<posy>5</posy>
							<width>678</width>
							<height>60</height>
                            <selectedcolor>$VAR[HighlightColor]</selectedcolor>
							<label>$INFO[ListItem.Label]</label>
						</control>
						<control type="label">
							<visible>Control.HasFocus(6)</visible>
							<left>132</left>
							<posy>55</posy>
							<width>678</width>
							<height>60</height>
							<align>left</align>
							<textcolor>$VAR[FocusedTextColor]</textcolor>
                            <selectedcolor>SelectedFocused</selectedcolor>
							<shadowcolor>HeavyShadow</shadowcolor>
							<font>ListDetails</font>
							<label>$INFO[ListItem.Label2]</label>
						</control>
						<control type="label">
							<visible>!Control.HasFocus(6)</visible>
							<left>132</left>
							<posy>55</posy>
							<width>678</width>
							<height>60</height>
							<align>left</align>
							<textcolor>Grey</textcolor>
							<selectedcolor>$VAR[HighlightColor]</selectedcolor>
							<shadowcolor></shadowcolor>
							<font>ListDetails</font>
							<label>$INFO[ListItem.Label2]</label>
						</control>
					</focusedlayout>
				</control>
			</control>
			<control type="group" description="Group 3 Plain list">
				<control type="list" id="3">
					<posx>256</posx>
					<posy>60</posy>
					<width>1010</width>
					<height>600</height>
					<orientation>vertical</orientation>
					<onleft>90</onleft>
					<onright>60</onright>
					<onup>3</onup>
					<ondown>3</ondown>
					<pagecontrol>60</pagecontrol>
					<scrolltime>0</scrolltime>
					<itemlayout width="1010" height="60">
						<control type="image">
							<width>1010</width>
							<height>60</height>
							<texture border="3">list/ListNF.png</texture>
						</control>
						<control type="label">
							<scroll>false</scroll>
							<width>810</width>
							<height>60</height>
							<textoffsetx>30</textoffsetx>
							<label>$INFO[ListItem.Label]</label>
                            <selectedcolor>$VAR[HighlightColor]</selectedcolor>
						</control>
					</itemlayout>
					<focusedlayout width="1010" height="60">
						<control type="image">
							<visible>Control.HasFocus(3)</visible>
							<include>VisibleFadeEffect</include>
							<width>1010</width>
							<height>60</height>
							<texture border="4" colordiffuse="$VAR[HighlightColor]">img/WhiteRoundedST2.png</texture>
						</control>
						<control type="label">
							<width>810</width>
							<height>60</height>
							<textoffsetx>30</textoffsetx>
							<textcolor>$VAR[FocusedTextColor]</textcolor>
                            <selectedcolor>SelectedFocused</selectedcolor>
							<shadowcolor>HeavyShadow</shadowcolor>
							<label>$INFO[ListItem.Label]</label>
						</control>
					</focusedlayout>
				</control>
			</control>
			<control type="scrollbar" id="60">
				<posx>13</posx>
				<posy>60</posy>
				<width>36</width>
				<height>600</height>
				<texturesliderbackground></texturesliderbackground>
				<texturesliderbar></texturesliderbar>
				<texturesliderbarfocus></texturesliderbarfocus>
				<textureslidernib border="18">OSD/ScrollbarNibNF.png</textureslidernib>
				<textureslidernibfocus border="18" colordiffuse="$VAR[HighlightColor]">OSD/ScrollbarNibFO.png</textureslidernibfocus>
				<showonepage>false</showonepage>
				<orientation>vertical</orientation>
				<onright>3</onright>
				<visible>Control.IsVisible(6)</visible>
			</control>
			<control type="scrollbar" id="60">
				<posx>1250</posx>
				<posy>60</posy>
				<width>36</width>
				<height>600</height>
				<texturesliderbackground></texturesliderbackground>
				<texturesliderbar></texturesliderbar>
				<texturesliderbarfocus></texturesliderbarfocus>
				<textureslidernib border="18">OSD/ScrollbarNibNF.png</textureslidernib>
				<textureslidernibfocus border="18" colordiffuse="$VAR[HighlightColor]">OSD/ScrollbarNibFO.png</textureslidernibfocus>
				<showonepage>false</showonepage>
				<orientation>vertical</orientation>
				<onleft>3</onleft>
				<visible>Control.IsVisible(3)</visible>
			</control>
			<control type="grouplist" id="90">
				<visible>Control.IsVisible(6)</visible>
				<top>580</top>
				<left>1290</left>
				<onleft condition="Control.IsVisible(3)">3</onleft>
				<onright condition="Control.IsVisible(3)">3</onright>
				<onleft condition="Control.IsVisible(6)">6</onleft>
				<onright condition="Control.IsVisible(6)">6</onright>
				<control type="button" id="5" description="Get more button">
					<width>254</width>
					<label></label>
					<align>center</align>
					<height>60</height>
					<texturenofocus border="3">buttons/ButtonNF.png</texturenofocus>
				</control>
				<control type="button" id="7">
					<description>Cancel button</description>
					<width>254</width>
					<height>60</height>
					<label>$LOCALIZE[222]</label>
					<align>center</align>
					<texturenofocus border="3">buttons/ButtonNF.png</texturenofocus>
				</control>
			</control>
			<control type="grouplist" id="90">
				<visible>Control.IsVisible(3)</visible>
				<top>540</top>
				<onleft condition="Control.IsVisible(3)">3</onleft>
				<onright condition="Control.IsVisible(3)">3</onright>
				<onleft condition="Control.IsVisible(6)">6</onleft>
				<onright condition="Control.IsVisible(6)">6</onright>
				<control type="button" id="5" description="Get more button">
					<width>254</width>
					<label></label>
					<align>right</align>
					<height>60</height>
					<texturenofocus border="3">buttons/ButtonNF.png</texturenofocus>
				</control>
				<control type="button" id="7">
					<description>Cancel button</description>
					<width>254</width>
					<height>60</height>
					<label>$LOCALIZE[222]</label>
					<align>right</align>
					<texturenofocus border="3">buttons/ButtonNF.png</texturenofocus>
				</control>
			</control>
		</control>
	</include>
	
	<include name="DialogSelectGame">
	    <control type="group" description="Content for Games">
		    <visible>[Window.IsActive(gamestretchmode) | Window.IsActive(gamevideofilter) | Window.IsActive(gamevideorotation)]</visible>
			<bottom>0</bottom>
			<height>540</height>
			<width>100%</width>
		    <control type="image">
			    <texture>dialogs/DialogBG.png</texture>
			    <colordiffuse>eeaaaaaa</colordiffuse>
		    </control>
			<control type="panel" id="11">
				<top>30</top>
				<scrolltime tween="sine">200</scrolltime>
				<orientation>horizontal</orientation>
				<itemlayout width="460" height="340">
					<control type="group">
						<left>48</left>
						<right>18</right>
						<top>5</top>
						<control type="image">
							<width>444</width>
							<height>250</height>
							<aspectratio>scale</aspectratio>
							<texture border="4">DefaultVideo.png</texture>
							<bordertexture>colors/black.png</bordertexture>
							<bordersize>4</bordersize>
						</control>
						<control type="gamewindow">
							<width>444</width>
							<height>250</height>
							<videofilter>$INFO[ListItem.Property(game.videofilter)]</videofilter>
							<stretchmode>$INFO[ListItem.Property(game.stretchmode)]</stretchmode>
							<rotation>$INFO[ListItem.Property(game.videorotation)]</rotation>
						</control>
						<control type="image">
						    <top>255</top>
						    <width>444</width>
						    <height>89</height>
						    <texture>img/WhiteRoundedT.png</texture>
						    <aspectratio>stretch</aspectratio>
					    </control>						
						<control type="label">
							<posy>260</posy>
							<width>444</width>
							<height>80</height>
							<label>$INFO[ListItem.Label][CR][COLOR grey]$INFO[ListItem.Label2][/COLOR]</label>
							<font>Details</font>
							<align>center</align>
						</control>
					</control>
				</itemlayout>
				<focusedlayout width="460" height="340">
					<control type="group">
						<left>48</left>
						<right>18</right>
						<top>5</top>
						<control type="image">
							<width>444</width>
							<height>250</height>
							<aspectratio>scale</aspectratio>
							<texture border="4">DefaultVideo.png</texture>
							<bordertexture>colors/black.png</bordertexture>
							<bordersize>4</bordersize>
						</control>
						<control type="gamewindow">
							<width>444</width>
							<height>250</height>
							<videofilter>$INFO[ListItem.Property(game.videofilter)]</videofilter>
							<stretchmode>$INFO[ListItem.Property(game.stretchmode)]</stretchmode>
							<rotation>$INFO[ListItem.Property(game.videorotation)]</rotation>
						</control>
						<control type="image">
						    <top>255</top>
						    <width>444</width>
						    <height>89</height>
						    <texture border="4">img/WhiteRoundedST2.png</texture>
						    <colordiffuse>$VAR[HighlightColor]</colordiffuse>
						    <aspectratio>stretch</aspectratio>
							<visible>Control.HasFocus(11)</visible>
					    </control>						
						<control type="label">
							<posy>260</posy>
							<width>444</width>
							<height>80</height>
							<label>$INFO[ListItem.Label][CR] $INFO[ListItem.Label2]</label>
							<font>Details</font>
							<textcolor>$VAR[FocusedTextColor]</textcolor>
							<shadowcolor></shadowcolor>
							<align>center</align>
						</control>
						<control type="image">
							<width>444</width>
							<height>250</height>
                            <texture colordiffuse="$VAR[HighlightColor]" border="8">thumbs/IconBorder_FO.png</texture>
							<visible>Control.HasFocus(11)</visible>
						</control>
					</control>
				</focusedlayout>
			</control>
			<control type="textbox" id="12">
				<description>Description Area</description>
				<visible>Window.IsActive(gamevideofilter)</visible>
				<top>410</top>
				<left>100</left>
				<right>100</right>
				<height>200</height>
				<font>Details</font>
				<align>justify</align>
				<shadowcolor>ShadowDark</shadowcolor>
				<autoscroll time="3000" delay="5000" repeat="5000">true</autoscroll>
			</control>
		</control>
	</include>
	
	<include name="DialogSelectViewtypes">
	    <include>DimBG</include>
		<control type="group">
			<posx>172</posx>
			<posy>180</posy>
			<control type="image">
				<posx>326</posx>
				<posy>-20</posy>
				<width>1320</width>
				<height>780</height>
				<texture>dialogs/SettingsBG.png</texture>
				<colordiffuse>$VAR[DialogBGColor]</colordiffuse>
				<visible>!Control.IsVisible(3)</visible>
			</control>
			<control type="image">
				<posx>-14</posx>
				<posy>-20</posy>
				<width>1293</width>
				<height>720</height>
				<texture flipx="true" border="55">dialogs/DialogRightSmall.png</texture>
				<colordiffuse>$VAR[DialogBGColor]</colordiffuse>
				<visible>Control.IsVisible(3)</visible>
			</control>
			<control type="label" id="1" description="Header">
				<posx>306</posx>
				<posy>5</posy>
				<width>1600</width>
				<height>30</height>
				<align>center</align>
				<aligny>center</aligny>
				<font>ListDetails</font>
				<textcolor>$VAR[HighlightColor]</textcolor>
				<label></label>
				<visible>!Control.IsVisible(3)</visible>
			</control>
			<control type="label" id="1" description="Header">
				<posx>300</posx>
				<width>900</width>
				<height>30</height>
				<align>center</align>
				<font>ListDetails</font>
				<textcolor>$VAR[HighlightColor]</textcolor>
				<label></label>
				<visible>!Control.IsVisible(6)</visible>
			</control>
			<control type="group">
				<left>645</left>
				<top>-80</top>
				<visible>Control.IsVisible(6)</visible>
				<include content="ShadowedImage">
					<param name="top">0</param>
					<param name="left">0</param>
					<param name="width">900</param>
					<param name="height">900</param>
					<param name="shadowoffset">8</param>
					<param name="texture">$INFO[Container(6).ListItem.Icon]</param>
				</include>
			</control>
			<control type="group" description="Group 3 Plain list">
				<control type="list" id="3">
					<posx>256</posx>
					<posy>60</posy>
					<width>1010</width>
					<height>600</height>
					<orientation>vertical</orientation>
					<onleft>90</onleft>
					<onright>60</onright>
					<onup>3</onup>
					<ondown>3</ondown>
					<pagecontrol>60</pagecontrol>
					<scrolltime>0</scrolltime>
					<itemlayout width="1010" height="60">
						<control type="image">
							<width>1010</width>
							<height>60</height>
							<texture border="3">list/ListNF.png</texture>
						</control>
						<control type="label">
							<scroll>false</scroll>
							<width>810</width>
							<height>60</height>
							<textoffsetx>30</textoffsetx>
							<label>$INFO[ListItem.Label]</label>
                            <selectedcolor>$VAR[HighlightColor]</selectedcolor>
						</control>
					</itemlayout>
					<focusedlayout width="1010" height="60">
						<control type="image">
							<visible>Control.HasFocus(3)</visible>
							<include>VisibleFadeEffect</include>
							<width>1010</width>
							<height>60</height>
							<texture border="4" colordiffuse="$VAR[HighlightColor]">img/WhiteRoundedST2.png</texture>
						</control>
						<control type="label">
							<width>810</width>
							<height>60</height>
							<textoffsetx>30</textoffsetx>
							<textcolor>$VAR[FocusedTextColor]</textcolor>
                            <selectedcolor>SelectedFocused</selectedcolor>
							<shadowcolor>HeavyShadow</shadowcolor>
							<label>$INFO[ListItem.Label]</label>
						</control>
					</focusedlayout>
				</control>
			</control>
			<control type="group" description="Group 6 Thumbs">
				<visible>Control.IsVisible(6)</visible>
				<control type="list" id="6">
					<posx>360</posx>
					<posy>70</posy>
					<width>208</width>
					<height>600</height>
					<orientation>vertical</orientation>
					<onleft>60</onleft>
					<onright>90</onright>
					<onup>6</onup>
					<ondown>6</ondown>
					<pagecontrol>60</pagecontrol>
					<scrolltime>0</scrolltime>
					<itemlayout width="208" height="60">
						<control type="image">
							<width>208</width>
							<height>60</height>
							<texture border="3">list/ListNF.png</texture>
						</control>
						<control type="label">
							<posx>10</posx>
							<width>200</width>
							<height>60</height>
							<label>$INFO[ListItem.Label]</label>
							<selectedcolor>$VAR[HighlightColor]</selectedcolor>
						</control>
					</itemlayout>
					<focusedlayout width="208" height="60">
						<control type="image">
							<width>208</width>
							<height>60</height>
							<texture border="3">list/ListNF.png</texture>
						</control>
						<control type="image">
							<visible>Control.HasFocus(6)</visible>
							<include>VisibleFadeEffect</include>
							<width>208</width>
							<height>60</height>
							<texture border="4" colordiffuse="$VAR[HighlightColor]">img/WhiteRoundedST2.png</texture>
						</control>
						<control type="label">
							<visible>Control.HasFocus(6)</visible>
							<posx>10</posx>
							<width>200</width>
							<height>60</height>
							<textcolor>$VAR[FocusedTextColor]</textcolor>
                            <selectedcolor>SelectedFocused</selectedcolor>
							<shadowcolor>HeavyShadow</shadowcolor>
							<label>$INFO[ListItem.Label]</label>
						</control>
						<control type="label">
							<visible>!Control.HasFocus(6)</visible>
							<posx>10</posx>
							<width>200</width>
							<height>60</height>
                            <selectedcolor>$VAR[HighlightColor]</selectedcolor>
							<label>$INFO[ListItem.Label]</label>
						</control>
					</focusedlayout>
				</control>
			</control>
			<control type="scrollbar" id="60">
				<posx>13</posx>
				<posy>60</posy>
				<width>36</width>
				<height>600</height>
				<texturesliderbackground></texturesliderbackground>
				<texturesliderbar></texturesliderbar>
				<texturesliderbarfocus></texturesliderbarfocus>
				<textureslidernib border="18">OSD/ScrollbarNibNF.png</textureslidernib>
				<textureslidernibfocus border="18" colordiffuse="$VAR[HighlightColor]">OSD/ScrollbarNibFO.png</textureslidernibfocus>
				<showonepage>false</showonepage>
				<orientation>vertical</orientation>
				<onright>3</onright>
				<visible>Control.IsVisible(6)</visible>
			</control>
			<control type="scrollbar" id="60">
				<posx>1250</posx>
				<posy>60</posy>
				<width>36</width>
				<height>600</height>
				<texturesliderbackground></texturesliderbackground>
				<texturesliderbar></texturesliderbar>
				<texturesliderbarfocus></texturesliderbarfocus>
				<textureslidernib border="18">OSD/ScrollbarNibNF.png</textureslidernib>
				<textureslidernibfocus border="18" colordiffuse="$VAR[HighlightColor]">OSD/ScrollbarNibFO.png</textureslidernibfocus>
				<showonepage>false</showonepage>
				<orientation>vertical</orientation>
				<onleft>3</onleft>
				<visible>Control.IsVisible(3)</visible>
			</control>
<!--			<control type="grouplist" id="90">
				<visible>Control.IsVisible(6)</visible>
				<top>580</top>
				<left>1290</left>
				<onleft condition="Control.IsVisible(3)">3</onleft>
				<onright condition="Control.IsVisible(3)">3</onright>
				<onleft condition="Control.IsVisible(6)">6</onleft>
				<onright condition="Control.IsVisible(6)">6</onright>
				<control type="button" id="5" description="Get more button">
					<width>254</width>
					<label></label>
					<align>center</align>
					<height>60</height>
					<texturenofocus border="3">buttons/ButtonNF.png</texturenofocus>
				</control>
				<control type="button" id="7">
					<description>Cancel button</description>
					<width>254</width>
					<height>60</height>
					<label>$LOCALIZE[222]</label>
					<align>center</align>
					<texturenofocus border="3">buttons/ButtonNF.png</texturenofocus>
				</control>
			</control>
			<control type="grouplist" id="90">
				<visible>Control.IsVisible(3)</visible>
				<top>540</top>
				<onleft condition="Control.IsVisible(3)">3</onleft>
				<onright condition="Control.IsVisible(3)">3</onright>
				<onleft condition="Control.IsVisible(6)">6</onleft>
				<onright condition="Control.IsVisible(6)">6</onright>
				<control type="button" id="5" description="Get more button">
					<width>254</width>
					<label></label>
					<align>right</align>
					<height>60</height>
					<texturenofocus border="3">buttons/ButtonNF.png</texturenofocus>
				</control>
				<control type="button" id="7">
					<description>Cancel button</description>
					<width>254</width>
					<height>60</height>
					<label>$LOCALIZE[222]</label>
					<align>right</align>
					<texturenofocus border="3">buttons/ButtonNF.png</texturenofocus>
				</control>
			</control> -->
		</control>
	</include>
</includes>
